week,category,swap_events,pct_of_week
2025-12-29 00:00:00.000 UTC,Stablecoin,4436967,39.982851491483193
2025-12-29 00:00:00.000 UTC,Native Solana,3977965,35.846645655313177
2025-12-29 00:00:00.000 UTC,Meme Coin,1297045,11.688064755219234
2025-12-29 00:00:00.000 UTC,Unmapped,659845,5.946062849328771
2025-12-29 00:00:00.000 UTC,Cross-Chain Asset,537807,4.846341523856297
2025-12-29 00:00:00.000 UTC,Liquid Staking,162911,1.468040289533147
2025-12-29 00:00:00.000 UTC,Tokenized RWA,24635,0.221993435266183
2026-01-05 00:00:00.000 UTC,Stablecoin,7806687,38.114167028278360
2026-01-05 00:00:00.000 UTC,Native Solana,7368662,35.975621187698146
2026-01-05 00:00:00.000 UTC,Meme Coin,2487995,12.147003843694696
2026-01-05 00:00:00.000 UTC,Unmapped,1273295,6.216539526468999
2026-01-05 00:00:00.000 UTC,Cross-Chain Asset,1102585,5.383091297611176
2026-01-05 00:00:00.000 UTC,Liquid Staking,382820,1.869021445558855
2026-01-05 00:00:00.000 UTC,Tokenized RWA,60332,0.294555670689768
2026-01-12 00:00:00.000 UTC,Stablecoin,8748688,39.409230557445856
2026-01-12 00:00:00.000 UTC,Native Solana,8100929,36.491343466643147
2026-01-12 00:00:00.000 UTC,Meme Coin,2379825,10.720129933925359
2026-01-12 00:00:00.000 UTC,Unmapped,1583049,7.130982728465583
2026-01-12 00:00:00.000 UTC,Cross-Chain Asset,1037005,4.671279754658543
2026-01-12 00:00:00.000 UTC,Liquid Staking,297741,1.341200385178267
2026-01-12 00:00:00.000 UTC,Tokenized RWA,52354,0.235833173683245
2026-01-19 00:00:00.000 UTC,Stablecoin,10812361,41.813121464570537
2026-01-19 00:00:00.000 UTC,Native Solana,9520786,36.818395302948419
2026-01-19 00:00:00.000 UTC,Meme Coin,2896357,11.200673659135052
2026-01-19 00:00:00.000 UTC,Unmapped,1376445,5.322931964101161
2026-01-19 00:00:00.000 UTC,Cross-Chain Asset,937485,3.625403755591671
2026-01-19 00:00:00.000 UTC,Liquid Staking,254743,0.985131739612569
2026-01-19 00:00:00.000 UTC,Tokenized RWA,60598,0.234342114040592
2026-01-26 00:00:00.000 UTC,Stablecoin,12041227,41.887534802420213
2026-01-26 00:00:00.000 UTC,Native Solana,10638320,37.007275025982236
2026-01-26 00:00:00.000 UTC,Meme Coin,3023002,10.516046369924419
2026-01-26 00:00:00.000 UTC,Unmapped,1298759,4.517962564152015
2026-01-26 00:00:00.000 UTC,Cross-Chain Asset,1249730,4.347406528307174
2026-01-26 00:00:00.000 UTC,Liquid Staking,381663,1.327682153595818
2026-01-26 00:00:00.000 UTC,Tokenized RWA,113863,0.396092555618125
2026-02-02 00:00:00.000 UTC,Stablecoin,13768206,42.031451498497432
2026-02-02 00:00:00.000 UTC,Native Solana,11913885,36.370597559055702
2026-02-02 00:00:00.000 UTC,Meme Coin,2926310,8.933412009855752
2026-02-02 00:00:00.000 UTC,Cross-Chain Asset,1788690,5.460496231741984
2026-02-02 00:00:00.000 UTC,Unmapped,1624171,4.958254155390039
2026-02-02 00:00:00.000 UTC,Liquid Staking,615235,1.878183698201354
2026-02-02 00:00:00.000 UTC,Tokenized RWA,120416,0.367604847257738
2026-02-09 00:00:00.000 UTC,Stablecoin,9434865,40.591218808471713
2026-02-09 00:00:00.000 UTC,Native Solana,8610287,37.043671914832854
2026-02-09 00:00:00.000 UTC,Meme Coin,2681958,11.538473948819742
2026-02-09 00:00:00.000 UTC,Unmapped,1301933,5.601251027647985
2026-02-09 00:00:00.000 UTC,Cross-Chain Asset,866447,3.727678113353386
2026-02-09 00:00:00.000 UTC,Liquid Staking,296931,1.277473624902774
2026-02-09 00:00:00.000 UTC,Tokenized RWA,51190,0.220232561971546
2026-02-16 00:00:00.000 UTC,Native Solana,6189869,38.460695816555872
2026-02-16 00:00:00.000 UTC,Stablecoin,5430992,33.745420346399642
2026-02-16 00:00:00.000 UTC,Meme Coin,2602239,16.168988813976279
2026-02-16 00:00:00.000 UTC,Unmapped,1053964,6.548795912417612
2026-02-16 00:00:00.000 UTC,Cross-Chain Asset,568518,3.532481521698878
2026-02-16 00:00:00.000 UTC,Liquid Staking,217231,1.349762880753413
2026-02-16 00:00:00.000 UTC,Tokenized RWA,31199,0.193854708198304
2026-02-23 00:00:00.000 UTC,Native Solana,7170087,37.410599144606855
2026-02-23 00:00:00.000 UTC,Stablecoin,6446988,33.637762520606885
2026-02-23 00:00:00.000 UTC,Meme Coin,3325787,17.352604549616288
2026-02-23 00:00:00.000 UTC,Unmapped,1190638,6.212265059592222
2026-02-23 00:00:00.000 UTC,Cross-Chain Asset,702688,3.666340323586799
2026-02-23 00:00:00.000 UTC,Liquid Staking,259187,1.352332399940645
2026-02-23 00:00:00.000 UTC,Tokenized RWA,70549,0.368096002050306
2026-03-02 00:00:00.000 UTC,Native Solana,7504908,38.318090409234564
2026-03-02 00:00:00.000 UTC,Stablecoin,7193278,36.726989423822115
2026-03-02 00:00:00.000 UTC,Meme Coin,2801329,14.302850599635685
2026-03-02 00:00:00.000 UTC,Unmapped,1092525,5.578145891241970
2026-03-02 00:00:00.000 UTC,Cross-Chain Asset,702431,3.586428316542860
2026-03-02 00:00:00.000 UTC,Liquid Staking,232241,1.185761588913687
2026-03-02 00:00:00.000 UTC,Tokenized RWA,59097,0.301733770609118
2026-03-09 00:00:00.000 UTC,Stablecoin,8569284,41.602159725734872
2026-03-09 00:00:00.000 UTC,Native Solana,7816080,37.945504967407058
2026-03-09 00:00:00.000 UTC,Meme Coin,2229334,10.822970641422484
2026-03-09 00:00:00.000 UTC,Unmapped,1140427,5.536544967997401
2026-03-09 00:00:00.000 UTC,Cross-Chain Asset,592646,2.877177784377069
2026-03-09 00:00:00.000 UTC,Liquid Staking,202753,0.984325258781471
2026-03-09 00:00:00.000 UTC,Tokenized RWA,47647,0.231316654279645
2026-03-16 00:00:00.000 UTC,Stablecoin,7157931,40.167818701436763
2026-03-16 00:00:00.000 UTC,Native Solana,6781271,38.054133812314030
2026-03-16 00:00:00.000 UTC,Meme Coin,2245469,12.600790883803784
2026-03-16 00:00:00.000 UTC,Unmapped,969952,5.443033201227560
2026-03-16 00:00:00.000 UTC,Cross-Chain Asset,454029,2.547852802324391
2026-03-16 00:00:00.000 UTC,Liquid Staking,158894,0.891657852631730
2026-03-16 00:00:00.000 UTC,Tokenized RWA,52518,0.294712746261742
2026-03-23 00:00:00.000 UTC,Native Solana,6554613,40.024406864942167
2026-03-23 00:00:00.000 UTC,Stablecoin,6154208,37.579415432075396
2026-03-23 00:00:00.000 UTC,Meme Coin,2083532,12.722663028942622
2026-03-23 00:00:00.000 UTC,Unmapped,1081297,6.602719499967637
2026-03-23 00:00:00.000 UTC,Cross-Chain Asset,324173,1.979496279433873
2026-03-23 00:00:00.000 UTC,Liquid Staking,122385,0.747319030759855
2026-03-23 00:00:00.000 UTC,Tokenized RWA,55280,0.337556040531150
2026-03-23 00:00:00.000 UTC,Other,1052,0.006423823347300
2026-03-30 00:00:00.000 UTC,Native Solana,6002148,39.391162316463499
2026-03-30 00:00:00.000 UTC,Stablecoin,5897226,38.702575575088913
2026-03-30 00:00:00.000 UTC,Meme Coin,1620646,10.636047235677511
2026-03-30 00:00:00.000 UTC,Unmapped,935916,6.142270912109340
2026-03-30 00:00:00.000 UTC,Cross-Chain Asset,568240,3.729270600242983
2026-03-30 00:00:00.000 UTC,Liquid Staking,144090,0.945640223829740
2026-03-30 00:00:00.000 UTC,Tokenized RWA,61492,0.403562416848764
2026-03-30 00:00:00.000 UTC,Other,7538,0.049470719739250
2026-04-06 00:00:00.000 UTC,Native Solana,7366875,43.790497758455552
2026-04-06 00:00:00.000 UTC,Stablecoin,6047536,35.948025676040283
2026-04-06 00:00:00.000 UTC,Meme Coin,1527125,9.077602631968295
2026-04-06 00:00:00.000 UTC,Unmapped,1062425,6.315312745367220
2026-04-06 00:00:00.000 UTC,Cross-Chain Asset,623848,3.708304327902534
2026-04-06 00:00:00.000 UTC,Liquid Staking,122983,0.731040880404261
2026-04-06 00:00:00.000 UTC,Tokenized RWA,62782,0.373191486250460
2026-04-06 00:00:00.000 UTC,Other,9425,0.056024493611395
2026-04-13 00:00:00.000 UTC,Native Solana,8233589,44.611603930611785
2026-04-13 00:00:00.000 UTC,Stablecoin,6507380,35.258580333070368
2026-04-13 00:00:00.000 UTC,Meme Coin,1541324,8.351271337049527
2026-04-13 00:00:00.000 UTC,Unmapped,1020704,5.530424530346508
2026-04-13 00:00:00.000 UTC,Cross-Chain Asset,689723,3.737088321731064
2026-04-13 00:00:00.000 UTC,Tokenized RWA,296752,1.607875094277466
2026-04-13 00:00:00.000 UTC,Liquid Staking,157588,0.853850421756205
2026-04-13 00:00:00.000 UTC,Other,9100,0.049306031157077
2026-04-20 00:00:00.000 UTC,Native Solana,5322269,40.538741942741959
2026-04-20 00:00:00.000 UTC,Stablecoin,4688289,35.709833141465746
2026-04-20 00:00:00.000 UTC,Meme Coin,1316249,10.025626014655058
2026-04-20 00:00:00.000 UTC,Unmapped,1120891,8.537620138129429
2026-04-20 00:00:00.000 UTC,Cross-Chain Asset,507173,3.863043256048551
2026-04-20 00:00:00.000 UTC,Liquid Staking,118461,0.902295601608854
2026-04-20 00:00:00.000 UTC,Tokenized RWA,47042,0.358310242956616
2026-04-20 00:00:00.000 UTC,Other,8472,0.064529662393785
2026-04-27 00:00:00.000 UTC,Stablecoin,4695241,38.200316407678561
2026-04-27 00:00:00.000 UTC,Native Solana,4601011,37.433664426428706
2026-04-27 00:00:00.000 UTC,Meme Coin,1391777,11.323448949463860
2026-04-27 00:00:00.000 UTC,Unmapped,937387,7.626547816490055
2026-04-27 00:00:00.000 UTC,Cross-Chain Asset,521829,4.245582476107722
2026-04-27 00:00:00.000 UTC,Liquid Staking,108088,0.879400184116888
2026-04-27 00:00:00.000 UTC,Tokenized RWA,27678,0.225187239064348
2026-04-27 00:00:00.000 UTC,Other,8094,0.065852500649860
2026-05-04 00:00:00.000 UTC,Native Solana,6402400,41.125469939301006
2026-05-04 00:00:00.000 UTC,Stablecoin,6061457,38.935441028655763
2026-05-04 00:00:00.000 UTC,Meme Coin,1463056,9.397861043907593
2026-05-04 00:00:00.000 UTC,Unmapped,894025,5.742721208060037
2026-05-04 00:00:00.000 UTC,Cross-Chain Asset,539382,3.464691088779216
2026-05-04 00:00:00.000 UTC,Liquid Staking,150135,0.964384048065875
2026-05-04 00:00:00.000 UTC,Tokenized RWA,43123,0.276998256933724
2026-05-04 00:00:00.000 UTC,Other,14390,0.092433386296786
2026-05-11 00:00:00.000 UTC,Stablecoin,5338055,40.067116607693753
2026-05-11 00:00:00.000 UTC,Native Solana,5157436,38.711401364114390
2026-05-11 00:00:00.000 UTC,Meme Coin,1387403,10.413762650040911
2026-05-11 00:00:00.000 UTC,Unmapped,830111,6.230762746792468
2026-05-11 00:00:00.000 UTC,Cross-Chain Asset,411216,3.086562319599441
2026-05-11 00:00:00.000 UTC,Liquid Staking,135802,1.019321563670293
2026-05-11 00:00:00.000 UTC,Tokenized RWA,44866,0.336761470932912
2026-05-11 00:00:00.000 UTC,Other,17894,0.134311277155831
2026-05-18 00:00:00.000 UTC,Stablecoin,5811752,42.341050000852394
2026-05-18 00:00:00.000 UTC,Native Solana,5055135,36.828777930658254
2026-05-18 00:00:00.000 UTC,Meme Coin,1332066,9.704659302467732
2026-05-18 00:00:00.000 UTC,Unmapped,771450,5.620336694194381
2026-05-18 00:00:00.000 UTC,Cross-Chain Asset,575903,4.195694812621202
2026-05-18 00:00:00.000 UTC,Liquid Staking,124860,0.909657449785612
2026-05-18 00:00:00.000 UTC,Tokenized RWA,37428,0.272678672357648
2026-05-18 00:00:00.000 UTC,Other,17452,0.127145137062778
2026-05-25 00:00:00.000 UTC,Stablecoin,4624601,40.616987059145807
2026-05-25 00:00:00.000 UTC,Native Solana,4254213,37.363940017279298
2026-05-25 00:00:00.000 UTC,Meme Coin,1174700,10.317165675131450
2026-05-25 00:00:00.000 UTC,Unmapped,735551,6.460203906962300
2026-05-25 00:00:00.000 UTC,Cross-Chain Asset,438958,3.855284251659446
2026-05-25 00:00:00.000 UTC,Liquid Staking,105522,0.926779566162612
2026-05-25 00:00:00.000 UTC,Tokenized RWA,32659,0.286837757541600
2026-05-25 00:00:00.000 UTC,Other,19675,0.172801766117486
2026-06-01 00:00:00.000 UTC,Stablecoin,7218655,42.655484277816233
2026-06-01 00:00:00.000 UTC,Native Solana,6057385,35.793467153116457
2026-06-01 00:00:00.000 UTC,Meme Coin,1421454,8.399460668038436
2026-06-01 00:00:00.000 UTC,Cross-Chain Asset,977028,5.773319613277853
2026-06-01 00:00:00.000 UTC,Unmapped,894518,5.285762858208852
2026-06-01 00:00:00.000 UTC,Liquid Staking,268509,1.586636489477910
2026-06-01 00:00:00.000 UTC,Tokenized RWA,67655,0.399777630156263
2026-06-01 00:00:00.000 UTC,Other,17954,0.106091309907997
2026-06-08 00:00:00.000 UTC,Stablecoin,5328973,40.696381310453028
2026-06-08 00:00:00.000 UTC,Native Solana,4849303,37.033230226147477
2026-06-08 00:00:00.000 UTC,Meme Coin,1358895,10.377629813637275
2026-06-08 00:00:00.000 UTC,Unmapped,879025,6.712951366317858
2026-06-08 00:00:00.000 UTC,Cross-Chain Asset,454024,3.467297325037512
2026-06-08 00:00:00.000 UTC,Liquid Staking,157154,1.200156035405497
2026-06-08 00:00:00.000 UTC,Tokenized RWA,48459,0.370072421444665
2026-06-08 00:00:00.000 UTC,Other,18631,0.142281501556688
2026-06-15 00:00:00.000 UTC,Stablecoin,5313184,39.990856538654946
2026-06-15 00:00:00.000 UTC,Native Solana,5194864,39.100294844263475
2026-06-15 00:00:00.000 UTC,Meme Coin,1205049,9.070068283170619
2026-06-15 00:00:00.000 UTC,Unmapped,741538,5.581350048475850
2026-06-15 00:00:00.000 UTC,Cross-Chain Asset,474897,3.574417486320372
2026-06-15 00:00:00.000 UTC,Liquid Staking,193428,1.455878696946868
2026-06-15 00:00:00.000 UTC,Tokenized RWA,147220,1.108083947331916
2026-06-15 00:00:00.000 UTC,Other,15817,0.119050154835952
2026-06-22 00:00:00.000 UTC,Stablecoin,5806304,41.281522970976471
2026-06-22 00:00:00.000 UTC,Native Solana,5320271,37.825937032976565
2026-06-22 00:00:00.000 UTC,Meme Coin,1050496,7.468791636627862
2026-06-22 00:00:00.000 UTC,Unmapped,939415,6.679030567772521
2026-06-22 00:00:00.000 UTC,Cross-Chain Asset,431436,3.067413477576476
2026-06-22 00:00:00.000 UTC,Liquid Staking,277727,1.974576861659393
2026-06-22 00:00:00.000 UTC,Tokenized RWA,233080,1.657146676108450
2026-06-22 00:00:00.000 UTC,Other,6411,0.045580776302262
2026-06-29 00:00:00.000 UTC,Stablecoin,1644469,42.109089307520961
2026-06-29 00:00:00.000 UTC,Native Solana,1439585,36.862727926624073
2026-06-29 00:00:00.000 UTC,Meme Coin,311784,7.983695831697718
2026-06-29 00:00:00.000 UTC,Unmapped,256221,6.560922079687929
2026-06-29 00:00:00.000 UTC,Cross-Chain Asset,113158,2.897579904431435
2026-06-29 00:00:00.000 UTC,Liquid Staking,75088,1.922740591597126
2026-06-29 00:00:00.000 UTC,Tokenized RWA,63601,1.628598768993299
2026-06-29 00:00:00.000 UTC,Other,1353,0.034645589447460
